prefecture,city,town
“‹“s,η‘γ“c‹ζ,‰y’¬
“‹“s,η‘γ“c‹ζ,Oθ’¬
“‹“s,η‘γ“c‹ζ,”Ρ“c‹΄
“‹“s,η‘γ“c‹ζ,κ”Τ’¬
“‹“s,η‘γ“c‹ζ,β–{’¬
“‹“s,η‘γ“c‹ζ,“ΰ_“c
“‹“s,η‘γ“c‹ζ,“ΰK’¬
“‹“s,η‘γ“c‹ζ,‘εθ’¬
“‹“s,η‘γ“c‹ζ,’b–θ’¬
“‹“s,η‘γ“c‹ζ,‰ΰ‚Φ
“‹“s,η‘γ“c‹ζ,_“c‘¶’¬
“‹“s,η‘γ“c‹ζ,_“c’WH’¬
“‹“s,η‘γ“c‹ζ,_“caς’¬
“‹“s,η‘γ“c‹ζ,_“cβ–{’¬
“‹“s,η‘γ“c‹ζ,_“c¬μ’¬
“‹“s,η‘γ“c‹ζ,_“c’b–θ’¬
“‹“s,η‘γ“c‹ζ,_“c–kζ•¨’¬
“‹“s,η‘γ“c‹ζ,_“c®‰®’¬
“‹“s,η‘γ“c‹ζ,_“c²‹vΤ‰Νέ
“‹“s,η‘γ“c‹ζ,_“c²‹vΤ’¬
“‹“s,η‘γ“c‹ζ,_“c‰y’¬
“‹“s,η‘γ“c‹ζ,_“c_•Ϋ’¬
“‹“s,η‘γ“c‹ζ,_“c{“c’¬
“‹“s,η‘γ“c‹ζ,_“cx‰Ν‘δ
“‹“s,η‘γ“c‹ζ,_“c‘½’¬
“‹“s,η‘γ“c‹ζ,_“ci’¬
“‹“s,η‘γ“c‹ζ,_“c•xR’¬
“‹“s,η‘γ“c‹ζ,_“c‹Ρ’¬
“‹“s,η‘γ“c‹ζ,_“cΌ•“c’¬
“‹“s,η‘γ“c‹ζ,_“c—ϋ•»’¬
“‹“s,η‘γ“c‹ζ,_“c‰Τ‰’¬
“‹“s,η‘γ“c‹ζ,_“c“®‰®’¬
“‹“s,η‘γ“c‹ζ,_“c“Ό‰Ί’¬
“‹“s,η‘γ“c‹ζ,_“c•½‰Ν’¬
“‹“s,η‘γ“c‹ζ,_“cΌ‰i’¬
“‹“s,η‘γ“c‹ζ,_“c”ό‘q’¬
“‹“s,η‘γ“c‹ζ,_“cOθ’¬
“‹“s,η‘γ“c‹ζ,_“c”ό“y‘γ’¬
“‹“s,η‘γ“c‹ζ,‹I”φδ’¬
“‹“s,η‘γ“c‹ζ,–k‚ΜΫφ‰€
“‹“s,η‘γ“c‹ζ,‹γ’i–k
“‹“s,η‘γ“c‹ζ,‹γ’i“μ
“‹“s,η‘γ“c‹ζ,c‹O‰‘
“‹“s,η‘γ“c‹ζ,’¬
“‹“s,η‘γ“c‹ζ,ά”Τ’¬
“‹“s,η‘γ“c‹ζ,O”Τ’¬
“‹“s,η‘γ“c‹ζ,O_“c
“‹“s,η‘γ“c‹ζ,η‘γ“c
“‹“s,η‘γ“c‹ζ,‰i“c’¬
“‹“s,η‘γ“c‹ζ,Ό_“c
“‹“s,η‘γ“c‹ζ,“ρ”Τ’¬
“‹“s,η‘γ“c‹ζ,”Ή’¬
“‹“s,η‘γ“c‹ζ,“_“c
“‹“s,η‘γ“c‹ζ,κƒc‹΄
“‹“s,η‘γ“c‹ζ,“ϊ”δ’Jφ‰€
“‹“s,η‘γ“c‹ζ,•½‰Ν’¬
“‹“s,η‘γ“c‹ζ,•xm©
“‹“s,η‘γ“c‹ζ,Ϋ‚Μ“ΰ
“‹“s,η‘γ“c‹ζ,Ϋ‚Μ“ΰ‚i‚oƒ^ƒ[
“‹“s,η‘γ“c‹ζ,—Ly’¬
“‹“s,η‘γ“c‹ζ,l”Τ’¬
“‹“s,η‘γ“c‹ζ,Z”Τ’¬
“‹“s,’†‰›‹ζ,–ΎΞ’¬
“‹“s,’†‰›‹ζ,“ό‘D
“‹“s,’†‰›‹ζ,‚Η‚«
“‹“s,’†‰›‹ζ,‹‹΄
“‹“s,’†‰›‹ζ,‹βΐ
“‹“s,’†‰›‹ζ,Vμ
“‹“s,’†‰›‹ζ,V•x
“‹“s,’†‰›‹ζ,’z’n
“‹“s,’†‰›‹ζ,“‡
“‹“s,’†‰›‹ζ,’Ο
“‹“s,’†‰›‹ζ,–LC’¬
“‹“s,’†‰›‹ζ,“ϊ–{‹΄
“‹“s,’†‰›‹ζ,“ϊ–{‹΄‘ε“`”n’¬
“‹“s,’†‰›‹ζ,“ϊ–{‹΄ak’¬
“‹“s,’†‰›‹ζ,“ϊ–{‹΄•’¬
“‹“s,’†‰›‹ζ,“ϊ–{‹΄κ’¬
“‹“s,’†‰›‹ζ,“ϊ–{‹΄¬–Τ’¬
“‹“s,’†‰›‹ζ,“ϊ–{‹΄¬“`”n’¬
“‹“s,’†‰›‹ζ,“ϊ–{‹΄¬M’¬
“‹“s,’†‰›‹ζ,“ϊ–{‹΄“‹“ϊ–{‹΄ƒ^ƒ[
“‹“s,’†‰›‹ζ,“ϊ–{‹΄•x‘ς’¬
“‹“s,’†‰›‹ζ,“ϊ–{‹΄’†F
“‹“s,’†‰›‹ζ,“ϊ–{‹΄“ϊ–{‹΄‚“‡‰®Oδƒrƒ‹ƒfƒBƒ“ƒO
“‹“s,’†‰›‹ζ,“ϊ–{‹΄l`’¬
“‹“s,’†‰›‹ζ,“ϊ–{‹΄”n‹ς’¬
“‹“s,’†‰›‹ζ,“ϊ–{‹΄” θ’¬
“‹“s,’†‰›‹ζ,“ϊ–{‹΄•l’¬
“‹“s,’†‰›‹ζ,“ϊ–{‹΄‹vΌ’¬
“‹“s,’†‰›‹ζ,“ϊ–{‹΄–x—―’¬
“‹“s,’†‰›‹ζ,“ϊ–{‹΄–{Ξ’¬
“‹“s,’†‰›‹ζ,“ϊ–{‹΄–{’¬
“‹“s,’†‰›‹ζ,“ϊ–{‹΄Ί’¬
“‹“s,’†‰›‹ζ,“ϊ–{‹΄‰΅R’¬
“‹“s,’†‰›‹ζ,”’–x
“‹“s,’†‰›‹ζ,•l—£‹{’λ‰€
“‹“s,’†‰›‹ζ,°C
“‹“s,’†‰›‹ζ,““ϊ–{‹΄
“‹“s,’†‰›‹ζ,–©
“‹“s,’†‰›‹ζ,”dF
“‹“s,`‹ζ,Τβ
“‹“s,`‹ζ,–ƒ•z\”Τ
“‹“s,`‹ζ,–ƒ•z‘δ
“‹“s,`‹ζ,–ƒ•z‰iβ’¬
“‹“s,`‹ζ,–ƒ•z’K’¬
“‹“s,`‹ζ,¤“†
“‹“s,`‹ζ,Cέ
“‹“s,`‹ζ,Cέ“‹ƒ|[ƒgƒVƒeƒB’|ΕƒIƒtƒBƒXƒ^ƒ[
“‹“s,`‹ζ,–kΒR
“‹“s,`‹ζ,`“μ
“‹“s,`‹ζ,Ε
“‹“s,`‹ζ,Ε‰Y
“‹“s,`‹ζ,Εφ‰€
“‹“s,`‹ζ,Ε‘ε–ε
“‹“s,`‹ζ,”’‹ΰ
“‹“s,`‹ζ,”’‹ΰ‘δ
“‹“s,`‹ζ,V‹΄
“‹“s,`‹ζ,‘δκ
“‹“s,`‹ζ,‚—Φ
“‹“s,`‹ζ,Υƒm–ε
“‹“s,`‹ζ,Υƒm–ε_’J’¬ƒgƒ‰ƒXƒgƒ^ƒ[
“‹“s,`‹ζ,Υƒm–εΥƒm–εƒqƒ‹ƒYƒrƒWƒlƒXƒ^ƒ[
“‹“s,`‹ζ,Υƒm–εΥƒm–εƒqƒ‹ƒYXƒ^ƒ[
“‹“s,`‹ζ,Ό–ƒ•z
“‹“s,`‹ζ,ΌV‹΄
“‹“s,`‹ζ,•lΌ’¬
“‹“s,`‹ζ,•lΌ’¬ΆE–fΥƒZƒ“ƒ^[ƒrƒ‹ƒfƒBƒ“ƒO“μΩ
“‹“s,`‹ζ,“–ƒ•z
“‹“s,`‹ζ,“V‹΄
“‹“s,`‹ζ,O“c
“‹“s,`‹ζ,“μΒR
“‹“s,`‹ζ,“μ–ƒ•z
“‹“s,`‹ζ,³Τβ
“‹“s,`‹ζ,³–ƒ•z
“‹“s,`‹ζ,Z–{–Ψ
“‹“s,`‹ζ,Z–{–ΨZ—F•s“®YZ–{–ΨƒOƒ‰ƒ“ƒhƒ^ƒ[
“‹“s,Vh‹ζ,l’Jβ’¬
“‹“s,Vh‹ζ,l’J–{‰–’¬
“‹“s,Vh‹ζ,l’JO‰h’¬
“‹“s,Vh‹ζ,¤Z’¬
“‹“s,Vh‹ζ,Τι‰Ί’¬
“‹“s,Vh‹ζ,Τι³’¬
“‹“s,Vh‹ζ,—gκ’¬
“‹“s,Vh‹ζ,r–Ψ’¬
“‹“s,Vh‹ζ,s’J‰Α‰κ’¬
“‹“s,Vh‹ζ,s’Jb—Η’¬
“‹“s,Vh‹ζ,s’J»“y΄’¬
“‹“s,Vh‹ζ,s’J¶“ΰ’¬
“‹“s,Vh‹ζ,s’J‘δ’¬
“‹“s,Vh‹ζ,s’J‘ι ’¬
“‹“s,Vh‹ζ,s’J“c’¬
“‹“s,Vh‹ζ,s’J’·‰„›’¬
“‹“s,Vh‹ζ,s’J’‡”V’¬
“‹“s,Vh‹ζ,s’J””¦’¬
“‹“s,Vh‹ζ,s’J‘D‰Ν΄’¬
“‹“s,Vh‹ζ,s’J–{‘Ί’¬
“‹“s,Vh‹ζ,s’J–ς‰¤›’¬
“‹“s,Vh‹ζ,s’J–φ’¬
“‹“s,Vh‹ζ,s’JR•’¬
“‹“s,Vh‹ζ,βΛ’¬
“‹“s,Vh‹ζ,‰|’¬
“‹“s,Vh‹ζ,‘ε‹v•Ϋ
“‹“s,Vh‹ζ,‰ό‘γ’¬
“‹“s,Vh‹ζ,_y‰Νέ
“‹“s,Vh‹ζ,_yβ
“‹“s,Vh‹ζ,‰ΰƒP‹u’¬
“‹“s,Vh‹ζ,•Π’¬
“‹“s,Vh‹ζ,‰Μ•‘κ’¬
“‹“s,Vh‹ζ,γ—‡
“‹“s,Vh‹ζ,‰Ν“c’¬
“‹“s,Vh‹ζ,μ‹vδ’¬
“‹“s,Vh‹ζ,–kVh
“‹“s,Vh‹ζ,–k’¬
“‹“s,Vh‹ζ,–kR•’¬
“‹“s,Vh‹ζ,ΧH’¬
“‹“s,Vh‹ζ,¶–ε’¬
“‹“s,Vh‹ζ,M”Z’¬
“‹“s,Vh‹ζ,‰Ί—‡
“‹“s,Vh‹ζ,‰Ί‹{”δ’¬
“‹“s,Vh‹ζ,”’‹β’¬
“‹“s,Vh‹ζ,V¬μ’¬
“‹“s,Vh‹ζ,Vh
“‹“s,Vh‹ζ,…“Ή’¬
“‹“s,Vh‹ζ,{‰κ’¬
“‹“s,Vh‹ζ,Z‹g’¬
“‹“s,Vh‹ζ,‘ε‹’¬
“‹“s,Vh‹ζ,‚“c”nκ
“‹“s,Vh‹ζ,’\y’¬
“‹“s,Vh‹ζ,’z’n’¬
“‹“s,Vh‹ζ,’Γ‹vΛ’¬
“‹“s,Vh‹ζ,’}“y””¦’¬
“‹“s,Vh‹ζ,“V_’¬
“‹“s,Vh‹ζ,Λ’Λ’¬
“‹“s,Vh‹ζ,•x‹v’¬
“‹“s,Vh‹ζ,ΛR
“‹“s,Vh‹ζ,“ΰ“΅’¬
“‹“s,Vh‹ζ,’†δ
“‹“s,Vh‹ζ,’†—‡
“‹“s,Vh‹ζ,’†—Ά’¬
“‹“s,Vh‹ζ,’†’¬
“‹“s,Vh‹ζ,”[Λ’¬
“‹“s,Vh‹ζ,Ό—‡
“‹“s,Vh‹ζ,Όά¬’¬
“‹“s,Vh‹ζ,ΌVh
“‹“s,Vh‹ζ,ΌVh¬“c‹}‘ζκ¶–½ƒrƒ‹
“‹“s,Vh‹ζ,ΌVhZ—F•s“®YVhƒOƒ‰ƒ“ƒhƒ^ƒ[
“‹“s,Vh‹ζ,“ρ\‹R’¬
“‹“s,Vh‹ζ,Ό‘ξ“c
“‹“s,Vh‹ζ,”nκ‰Ί’¬
“‹“s,Vh‹ζ,•¥•ϋ’¬
“‹“s,Vh‹ζ,΄’¬
“‹“s,Vh‹ζ,“‰|’¬
“‹“s,Vh‹ζ,“ά¬’¬
“‹“s,Vh‹ζ,•Sl’¬
“‹“s,Vh‹ζ,‘ά’¬
“‹“s,Vh‹ζ,M’¬
“‹“s,Vh‹ζ,•Ω“V’¬
“‹“s,Vh‹ζ,“μ‰|’¬
“‹“s,Vh‹ζ,“μ’¬
“‹“s,Vh‹ζ,“μ³’¬
“‹“s,Vh‹ζ,“μR•’¬
“‹“s,Vh‹ζ,R’¬
“‹“s,Vh‹ζ,–ξ—’¬
“‹“s,Vh‹ζ,‰΅›’¬
“‹“s,Vh‹ζ,—]’’¬
“‹“s,Vh‹ζ,l’J
“‹“s,Vh‹ζ,α—t
“‹“s,Vh‹ζ,αΌ’¬
“‹“s,Vh‹ζ,α‹{’¬
“‹“s,Vh‹ζ,‘ξ“c’ί’¬
“‹“s,Vh‹ζ,‘ξ“c’¬
“‹“s,Vh‹ζ,‘ξ“c“μ’¬
“‹“s,•¶‹‹ζ,‘ε’Λ
“‹“s,•¶‹‹ζ,‰Ή‰H
“‹“s,•¶‹‹ζ,t“ϊ
“‹“s,•¶‹‹ζ,¬Ξμ
“‹“s,•¶‹‹ζ,γy
“‹“s,•¶‹‹ζ,¬“ϊό
“‹“s,•¶‹‹ζ,…“Ή
“‹“s,•¶‹‹ζ,Φϋ
“‹“s,•¶‹‹ζ,ηΞ
“‹“s,•¶‹‹ζ,η‘Κ–Ψ
“‹“s,•¶‹‹ζ,Ό•Π
“‹“s,•¶‹‹ζ,’Γ
“‹“s,•¶‹‹ζ,”’R
“‹“s,•¶‹‹ζ,–{‹½
“‹“s,•¶‹‹ζ,–{‹ξ
“‹“s,•¶‹‹ζ,ό‹u
“‹“s,•¶‹‹ζ,–Ϊ”’‘δ
“‹“s,•¶‹‹ζ,–ν¶
“‹“s,•¶‹‹ζ,“’“‡
“‹“s,‘δ“‹ζ,H—t΄
“‹“s,‘δ“‹ζ,σ‘
“‹“s,‘δ“‹ζ,σ‘‹΄
“‹“s,‘δ“‹ζ,’r”V’[
“‹“s,‘δ“‹ζ,΅Λ
“‹“s,‘δ“‹ζ,“ό’J
“‹“s,‘δ“‹ζ,γ–μ
“‹“s,‘δ“‹ζ,γ–μφ‰€
“‹“s,‘δ“‹ζ,γ–μχ–Ψ
“‹“s,‘δ“‹ζ,—‹–ε
“‹“s,‘δ“‹ζ,–kγ–μ
“‹“s,‘δ“‹ζ,΄μ
“‹“s,‘δ“‹ζ,‘ ‘O
“‹“s,‘δ“‹ζ,¬“‡
“‹“s,‘δ“‹ζ,υ
“‹“s,‘δ“‹ζ,‹ξ`
“‹“s,‘δ“‹ζ,‰Ί’J
“‹“s,‘δ“‹ζ,η‘©
“‹“s,‘δ“‹ζ,‘δ“
“‹“s,‘δ“‹ζ,’Ή‰z
“‹“s,‘δ“‹ζ,Όσ‘
“‹“s,‘δ“‹ζ,“ϊ–{’η
“‹“s,‘δ“‹ζ,έ
“‹“s,‘δ“‹ζ,‹΄κ
“‹“s,‘δ“‹ζ,‰ΤμΛ
“‹“s,‘δ“‹ζ,“σ‘
“‹“s,‘δ“‹ζ,“γ–μ
“‹“s,‘δ“‹ζ,Ό‚’J
“‹“s,‘δ“‹ζ,O‹Ψ
“‹“s,‘δ“‹ζ,Oƒm—Φ
“‹“s,‘δ“‹ζ,³σ‘
“‹“s,‘δ“‹ζ,’J’†
“‹“s,‘δ“‹ζ,–φ‹΄
“‹“s,‘δ“‹ζ,—³ς
“‹“s,–n“c‹ζ,αΘ‹΄
“‹“s,–n“c‹ζ,Ξ΄
“‹“s,–n“c‹ζ,‰γ
“‹“s,–n“c‹ζ,‹T‘ς
“‹“s,–n“c‹ζ,‹eμ
“‹“s,–n“c‹ζ,‹“‡
“‹“s,–n“c‹ζ,‹Ρ…
“‹“s,–n“c‹ζ,]“‹΄
“‹“s,–n“c‹ζ,–n“c
“‹“s,–n“c‹ζ,‘Ύ•½
“‹“s,–n“c‹ζ,—§‰Τ
“‹“s,–n“c‹ζ,—§μ
“‹“s,–n“c‹ζ,ηΞ
“‹“s,–n“c‹ζ,’η’Κ
“‹“s,–n“c‹ζ,‹Ζ•½
“‹“s,–n“c‹ζ,“‹ξ`
“‹“s,–n“c‹ζ,“–n“c
“‹“s,–n“c‹ζ,“ό“‡
“‹“s,–n“c‹ζ,•¶‰Τ
“‹“s,–n“c‹ζ,–{
“‹“s,–n“c‹ζ,—Ξ
“‹“s,–n“c‹ζ,ό“‡
“‹“s,–n“c‹ζ,”L
“‹“s,–n“c‹ζ,‰΅–Τ
“‹“s,–n“c‹ζ,‰΅μ
“‹“s,–n“c‹ζ,—Ό‘
“‹“s,]“‹ζ,ΒC
“‹“s,]“‹ζ,—L–Ύ
“‹“s,]“‹ζ,Ξ“‡
“‹“s,]“‹ζ,C‚ΜX
“‹“s,]“‹ζ,C•Σ
“‹“s,]“‹ζ,‰i‘γ
“‹“s,]“‹ζ,}μ
“‹“s,]“‹ζ,‰z’†“‡
“‹“s,]“‹ζ,ξ‹΄
“‹“s,]“‹ζ,‘ε“‡
“‹“s,]“‹ζ,‹TΛ
“‹“s,]“‹ζ,–k»
“‹“s,]“‹ζ,–Ψκ
“‹“s,]“‹ζ,΄
“‹“s,]“‹ζ,²‰κ
“‹“s,]“‹ζ,‰]
“‹“s,]“‹ζ,‰–•l
“‹“s,]“‹ζ,’©
“‹“s,]“‹ζ,“‰_
“‹“s,]“‹ζ,”’‰Ν
“‹“s,]“‹ζ,V‘ε‹΄
“‹“s,]“‹ζ,V–Ψκ
“‹“s,]“‹ζ,V»
“‹“s,]“‹ζ,Z‹g
“‹“s,]“‹ζ,η“c
“‹“s,]“‹ζ,‚‹΄
“‹“s,]“‹ζ,’C–¤
“‹“s,]“‹ζ,’†‰›–h”g’η
“‹“s,]“‹ζ,“—z
“‹“s,]“‹ζ,ν”Υ
“‹“s,]“‹ζ,•x‰
“‹“s,]“‹ζ,–LF
“‹“s,]“‹ζ,“»
“‹“s,]“‹ζ,•½–μ
“‹“s,]“‹ζ,[μ
“‹“s,]“‹ζ,•Z
“‹“s,]“‹ζ,“~–Ψ
“‹“s,]“‹ζ,ΓΞκ
“‹“s,]“‹ζ,‰²’O
“‹“s,]“‹ζ,“μ»
“‹“s,]“‹ζ,OD
“‹“s,]“‹ζ,–Ρ—
“‹“s,]“‹ζ,X‰Ί
“‹“s,]“‹ζ,–ε‘O’‡’¬
“‹“s,]“‹ζ,–²‚Μ“‡
“‹“s,]“‹ζ,αF
“‹“s,•iμ‹ζ,‰`΄
“‹“s,•iμ‹ζ,‘εδ
“‹“s,•iμ‹ζ,‘εθ
“‹“s,•iμ‹ζ,“‡
“‹“s,•iμ‹ζ,γ‘εθ
“‹“s,•iμ‹ζ,–k•iμ
“‹“s,•iμ‹ζ,¬R
“‹“s,•iμ‹ζ,¬R‘δ
“‹“s,•iμ‹ζ,Λ‰z
“‹“s,•iμ‹ζ,’†‰„
“‹“s,•iμ‹ζ,Ό‘εδ
“‹“s,•iμ‹ζ,Όά”½“c
“‹“s,•iμ‹ζ,Ό•iμ
“‹“s,•iμ‹ζ,Ό’†‰„
“‹“s,•iμ‹ζ,ψ‚Μ‘δ
“‹“s,•iμ‹ζ,“‘εδ
“‹“s,•iμ‹ζ,“ά”½“c
“‹“s,•iμ‹ζ,“•iμ
“‹“s,•iμ‹ζ,“’†‰„
“‹“s,•iμ‹ζ,“”’
“‹“s,•iμ‹ζ,•½’Λ
“‹“s,•iμ‹ζ,L’¬
“‹“s,•iμ‹ζ,“ρ—t
“‹“s,•iμ‹ζ,“μ‘εδ
“‹“s,•iμ‹ζ,“μ•iμ
“‹“s,•iμ‹ζ,”’
“‹“s,•iμ‹ζ,–L’¬
“‹“s,–Ϊ•‹ζ,Β—t‘δ
“‹“s,–Ϊ•‹ζ,‘ε‰R
“‹“s,–Ϊ•‹ζ,‘ε‹΄
“‹“s,–Ϊ•‹ζ,`‚Μ–Ψβ
“‹“s,–Ϊ•‹ζ,γ–Ϊ•
“‹“s,–Ϊ•‹ζ,ά–{–Ψ
“‹“s,–Ϊ•‹ζ,‹ξκ
“‹“s,–Ϊ•‹ζ,‰Ί–Ϊ•
“‹“s,–Ϊ•‹ζ,©—R‚‹u
“‹“s,–Ϊ•‹ζ,τ‘«
“‹“s,–Ϊ•‹ζ,•½’¬
“‹“s,–Ϊ•‹ζ,‘ι”Τ
“‹“s,–Ϊ•‹ζ,’†‰›’¬
“‹“s,–Ϊ•‹ζ,’†
“‹“s,–Ϊ•‹ζ,’†–Ϊ•
“‹“s,–Ϊ•‹ζ,“‚‹u
“‹“s,–Ϊ•‹ζ,“R
“‹“s,–Ϊ•‹ζ,”θ•¶’J
“‹“s,–Ϊ•‹ζ,—Ξ‚‹u
“‹“s,–Ϊ•‹ζ,“μ
“‹“s,–Ϊ•‹ζ,–Ϊ•
“‹“s,–Ϊ•‹ζ,–Ϊ•–{’¬
“‹“s,–Ϊ•‹ζ,”‰_
“‹“s,–Ϊ•‹ζ,—S“V›
“‹“s,‘ε“c‹ζ,’rγ
“‹“s,‘ε“c‹ζ,Ξμ’¬
“‹“s,‘ε“c‹ζ,‰L‚Μ–Ψ
“‹“s,‘ε“c‹ζ,‘εX–k
“‹“s,‘ε“c‹ζ,‘εX’†
“‹“s,‘ε“c‹ζ,‘εXΌ
“‹“s,‘ε“c‹ζ,‘εX“
“‹“s,‘ε“c‹ζ,‘εX–{’¬
“‹“s,‘ε“c‹ζ,‘εX“μ
“‹“s,‘ε“c‹ζ,—“c
“‹“s,‘ε“c‹ζ,—“c–{’¬
“‹“s,‘ε“c‹ζ,γ’r‘δ
“‹“s,‘ε“c‹ζ,–kβο’J
“‹“s,‘ε“c‹ζ,–kη‘©
“‹“s,‘ε“c‹ζ,–k”n
“‹“s,‘ε“c‹ζ,–k—δ’¬
“‹“s,‘ε“c‹ζ,‹v‚΄
“‹“s,‘ε“c‹ζ,‹•l“‡
“‹“s,‘ε“c‹ζ,R‰¤
“‹“s,‘ε“c‹ζ,‰ΊΫq
“‹“s,‘ε“c‹ζ,ι“μ“‡
“‹“s,‘ε“c‹ζ,Ίa“‡
“‹“s,‘ε“c‹ζ,V—“c
“‹“s,‘ε“c‹ζ,‘½–€μ
“‹“s,‘ε“c‹ζ,η’Ή
“‹“s,‘ε“c‹ζ,’†‰›
“‹“s,‘ε“c‹ζ,“c‰€’²•z
“‹“s,‘ε“c‹ζ,“c‰€’²•z–{’¬
“‹“s,‘ε“c‹ζ,“c‰€’²•z“μ
“‹“s,‘ε“c‹ζ,“C
“‹“s,‘ε“c‹ζ,’‡’rγ
“‹“s,‘ε“c‹ζ,’†”n
“‹“s,‘ε“c‹ζ,’‡Z‹½
“‹“s,‘ε“c‹ζ,Ό—“c
“‹“s,‘ε“c‹ζ,Όβο’J
“‹“s,‘ε“c‹ζ,Ό”n
“‹“s,‘ε“c‹ζ,Ό—δ’¬
“‹“s,‘ε“c‹ζ,ΌZ‹½
“‹“s,‘ε“c‹ζ,”‹’†
“‹“s,‘ε“c‹ζ,‰H“c
“‹“s,‘ε“c‹ζ,‰H“c®’¬
“‹“s,‘ε“c‹ζ,‰H“c‹σ`
“‹“s,‘ε“c‹ζ,“—“c
“‹“s,‘ε“c‹ζ,“βο’J
“‹“s,‘ε“c‹ζ,“”n
“‹“s,‘ε“c‹ζ,“—δ’¬
“‹“s,‘ε“c‹ζ,“–ξϋ
“‹“s,‘ε“c‹ζ,“α’J
“‹“s,‘ε“c‹ζ,“Z‹½
“‹“s,‘ε“c‹ζ,‚Σ‚ι‚³‚Ζ‚Μ•l•Σφ‰€
“‹“s,‘ε“c‹ζ,•½a“‡
“‹“s,‘ε“c‹ζ,•½a‚ΜXφ‰€
“‹“s,‘ε“c‹ζ,–{‰H“c
“‹“s,‘ε“c‹ζ,“μ—“c
“‹“s,‘ε“c‹ζ,“μ‹v‚΄
“‹“s,‘ε“c‹ζ,“μη‘©
“‹“s,‘ε“c‹ζ,“μ”n
“‹“s,‘ε“c‹ζ,“μα’J
“‹“s,‘ε“c‹ζ,“μZ‹½
“‹“s,‘ε“c‹ζ,–ξϋ
“‹“s,‘ε“c‹ζ,α’J‘ε’Λ’¬
“‹“s,‘ε“c‹ζ,—ίa“‡
“‹“s,Ά“c’J‹ζ,Τ’η
“‹“s,Ά“c’J‹ζ,’rK
“‹“s,Ά“c’J‹ζ,‰F“ή
“‹“s,Ά“c’J‹ζ,”~‹u
“‹“s,Ά“c’J‹ζ,‘ε‘ 
“‹“s,Ά“c’J‹ζ,‘ε΄
“‹“s,Ά“c’J‹ζ,‰–{
“‹“s,Ά“c’J‹ζ,‰‘ς
“‹“s,Ά“c’J‹ζ,”φR‘δ
“‹“s,Ά“c’J‹ζ,””’J
“‹“s,Ά“c’J‹ζ,™“c
“‹“s,Ά“c’J‹ζ,γ”n
“‹“s,Ά“c’J‹ζ,γ–k‘ς
“‹“s,Ά“c’J‹ζ,γ‘ct’J
“‹“s,Ά“c’J‹ζ,γ–μ–Ρ
“‹“s,Ά“c’J‹ζ,γ—p‰κ
“‹“s,Ά“c’J‹ζ,–k‰GR
“‹“s,Ά“c’J‹ζ,–k‘ς
“‹“s,Ά“c’J‹ζ,μ‘½©
“‹“s,Ά“c’J‹ζ,‹m
“‹“s,Ά“c’J‹ζ,‹mφ‰€
“‹“s,Ά“c’J‹ζ,‹‹“c
“‹“s,Ά“c’J‹ζ,o“°
“‹“s,Ά“c’J‹ζ,‹“Ώ›
“‹“s,Ά“c’J‹ζ,‹ξ‘ς
“‹“s,Ά“c’J‹ζ,‹ξ‘ςφ‰€
“‹“s,Ά“c’J‹ζ,χ
“‹“s,Ά“c’J‹ζ,χ‹u
“‹“s,Ά“c’J‹ζ,χγ…
“‹“s,Ά“c’J‹ζ,χV’¬
“‹“s,Ά“c’J‹ζ,O¬’ƒ‰®
“‹“s,Ά“c’J‹ζ,‰Ί”n
“‹“s,Ά“c’J‹ζ,V’¬
“‹“s,Ά“c’J‹ζ,¬ι
“‹“s,Ά“c’J‹ζ,£“c
“‹“s,Ά“c’J‹ζ,Ά“c’J
“‹“s,Ά“c’J‹ζ,‘ct’J
“‹“s,Ά“c’J‹ζ,‘γ‘ς
“‹“s,Ά“c’J‹ζ,‘Ύq“°
“‹“s,Ά“c’J‹ζ,‘γ“c
“‹“s,Ά“c’J‹ζ,‹Κμ
“‹“s,Ά“c’J‹ζ,‹Κμ‘δ
“‹“s,Ά“c’J‹ζ,‹Κμ“c‰€’²•z
“‹“s,Ά“c’J‹ζ,‹Κ’η
“‹“s,Ά“c’J‹ζ,ηΞ‘δ
“‹“s,Ά“c’J‹ζ,·
“‹“s,Ά“c’J‹ζ,“™X—Ν
“‹“s,Ά“c’J‹ζ,–μ–Ρ
“‹“s,Ά“c’J‹ζ,–μ‘ς
“‹“s,Ά“c’J‹ζ,””¦R
“‹“s,Ά“c’J‹ζ,‰H–Ψ
“‹“s,Ά“c’J‹ζ,“‹Κμ
“‹“s,Ά“c’J‹ζ,[‘ς
“‹“s,Ά“c’J‹ζ,‘D‹΄
“‹“s,Ά“c’J‹ζ,Ό΄
“‹“s,Ά“c’J‹ζ,Oh
“‹“s,Ά“c’J‹ζ,“μ‰GR
“‹“s,Ά“c’J‹ζ,‹{β
“‹“s,Ά“c’J‹ζ,—p‰κ
“‹“s,Ά“c’J‹ζ,α—Ρ
“‹“s,a’J‹ζ,γ΄
“‹“s,a’J‹ζ,ις’J’¬
“‹“s,a’J‹ζ,‰F“cμ’¬
“‹“s,a’J‹ζ,b”δυ
“‹“s,a’J‹ζ,b”δυΌ
“‹“s,a’J‹ζ,b”δυ“μ
“‹“s,a’J‹ζ,‘εR’¬
“‹“s,a’J‹ζ,_R’¬
“‹“s,a’J‹ζ,χ‹u’¬
“‹“s,a’J‹ζ,ω’Λ
“‹“s,a’J‹ζ,a’J
“‹“s,a’J‹ζ,a’Ja’JƒXƒNƒ‰ƒ“ƒuƒ‹ƒXƒNƒGƒA
“‹“s,a’J‹ζ,Ό·
“‹“s,a’J‹ζ,_‹{‘O
“‹“s,a’J‹ζ,_ς’¬
“‹“s,a’J‹ζ,_“μ
“‹“s,a’J‹ζ,η‘Κƒ–’J
“‹“s,a’J‹ζ,‘γ―R’¬
“‹“s,a’J‹ζ,“ΉΊβ
“‹“s,a’J‹ζ,•xƒ–’J
“‹“s,a’J‹ζ,“μ•½‘δ’¬
“‹“s,a’J‹ζ,Ό΄
“‹“s,a’J‹ζ,”¦ƒ–’J
“‹“s,a’J‹ζ,”«R’¬
“‹“s,a’J‹ζ,‰‘δ
“‹“s,a’J‹ζ,“
“‹“s,a’J‹ζ,L”φ
“‹“s,a’J‹ζ,–{’¬
“‹“s,a’J‹ζ,‰~R’¬
“‹“s,a’J‹ζ,³‘γX–Ψ’¬
“‹“s,a’J‹ζ,‘γX–Ψ
“‹“s,a’J‹ζ,‘γX–Ψ_‰€’¬
“‹“s,’†–μ‹ζ,Vδ
“‹“s,’†–μ‹ζ,]Γ“c
“‹“s,’†–μ‹ζ,]΄’¬
“‹“s,’†–μ‹ζ,γλ‹{
“‹“s,’†–μ‹ζ,γ‚“c
“‹“s,’†–μ‹ζ,λ‹{
“‹“s,’†–μ‹ζ,”’λ
“‹“s,’†–μ‹ζ,’†–μ
“‹“s,’†–μ‹ζ,ΐ‘ά
“‹“s,’†–μ‹ζ,–μ•ϋ
“‹“s,’†–μ‹ζ,“’†–μ
“‹“s,’†–μ‹ζ,Ό‚‹u
“‹“s,’†–μ‹ζ,ΫR
“‹“s,’†–μ‹ζ,“μ‘δ
“‹“s,’†–μ‹ζ,‘εa’¬
“‹“s,’†–μ‹ζ,–ν¶’¬
“‹“s,’†–μ‹ζ,α‹{
“‹“s,™•ΐ‹ζ,Ά²’J–k
“‹“s,™•ΐ‹ζ,Ά²’J“μ
“‹“s,™•ΐ‹ζ,“Vΐ
“‹“s,™•ΐ‹ζ,δ‘
“‹“s,™•ΐ‹ζ,aς
“‹“s,™•ΐ‹ζ,΅μ
“‹“s,™•ΐ‹ζ,”~—Ά
“‹“s,™•ΐ‹ζ,‰i•
“‹“s,™•ΐ‹ζ,‘ε‹{
“‹“s,™•ΐ‹ζ,‰¬E
“‹“s,™•ΐ‹ζ,γδ‘
“‹“s,™•ΐ‹ζ,γ‰¬
“‹“s,™•ΐ‹ζ,γ‚δΛ
“‹“s,™•ΐ‹ζ,‹v‰δR
“‹“s,™•ΐ‹ζ,‚‰~›–k
“‹“s,™•ΐ‹ζ,‚‰~›“μ
“‹“s,™•ΐ‹ζ,΄…
“‹“s,™•ΐ‹ζ,‰Ίδ‘
“‹“s,™•ΐ‹ζ,‰Ί‚δΛ
“‹“s,™•ΐ‹ζ,ΌΑ
“‹“s,™•ΐ‹ζ,‘P•›
“‹“s,™•ΐ‹ζ,‚δΛΌ
“‹“s,™•ΐ‹ζ,‚δΛ“
“‹“s,™•ΐ‹ζ,¬“cΌ
“‹“s,™•ΐ‹ζ,¬“c“
“‹“s,™•ΐ‹ζ,Ό‰¬–k
“‹“s,™•ΐ‹ζ,Ό‰¬“μ
“‹“s,™•ΐ‹ζ,•l“cR
“‹“s,™•ΐ‹ζ,•ϋ“μ
“‹“s,™•ΐ‹ζ,–xƒm“ΰ
“‹“s,™•ΐ‹ζ,–{“Vΐ
“‹“s,™•ΐ‹ζ,Όƒm–Ψ
“‹“s,™•ΐ‹ζ,“μ‰¬E
“‹“s,™•ΐ‹ζ,‹{‘O
“‹“s,™•ΐ‹ζ,“δ
“‹“s,™•ΐ‹ζ,a“c
“‹“s,–L“‡‹ζ,’r‘ά
“‹“s,–L“‡‹ζ,’r‘ά–{’¬
“‹“s,–L“‡‹ζ,—v’¬
“‹“s,–L“‡‹ζ,γ’r‘ά
“‹“s,–L“‡‹ζ,–k‘ε’Λ
“‹“s,–L“‡‹ζ,‹ξ
“‹“s,–L“‡‹ζ,‘ƒ›
“‹“s,–L“‡‹ζ,ημ
“‹“s,–L“‡‹ζ,Gi‚’J
“‹“s,–L“‡‹ζ,‚“c
“‹“s,–L“‡‹ζ,‚Ό
“‹“s,–L“‡‹ζ,η‘
“‹“s,–L“‡‹ζ,’·θ
“‹“s,–L“‡‹ζ,Ό’r‘ά
“‹“s,–L“‡‹ζ,Ό‘ƒ›
“‹“s,–L“‡‹ζ,“’r‘ά
“‹“s,–L“‡‹ζ,“μ’r‘ά
“‹“s,–L“‡‹ζ,“μ‘ε’Λ
“‹“s,–L“‡‹ζ,“μ’·θ
“‹“s,–L“‡‹ζ,–Ϊ”’
“‹“s,–k‹ζ,Τ‰H
“‹“s,–k‹ζ,Τ‰H–k
“‹“s,–k‹ζ,Τ‰H‘δ
“‹“s,–k‹ζ,Τ‰HΌ
“‹“s,–k‹ζ,Τ‰H“μ
“‹“s,–k‹ζ,β•£’¬
“‹“s,–k‹ζ,•‚Τ
“‹“s,–k‹ζ,‰¤q
“‹“s,–k‹ζ,‰¤q–{’¬
“‹“s,–k‹ζ,γ\π
“‹“s,–k‹ζ,γ’†—Ά
“‹“s,–k‹ζ,_’J
“‹“s,–k‹ζ,έ’¬
“‹“s,–k‹ζ,‹ΛƒP‹u
“‹“s,–k‹ζ,‰h’¬
“‹“s,–k‹ζ,u–Ξ
“‹“s,–k‹ζ,\π‘δ
“‹“s,–k‹ζ,\π’‡΄
“‹“s,–k‹ζ,Ίa’¬
“‹“s,–k‹ζ,‘κ–μμ
“‹“s,–k‹ζ,“c’[
“‹“s,–k‹ζ,“c’[V’¬
“‹“s,–k‹ζ,–L“‡
“‹“s,–k‹ζ,’†—Ά
“‹“s,–k‹ζ,’†\π
“‹“s,–k‹ζ,Ό‚‹u
“‹“s,–k‹ζ,ΌƒP΄
“‹“s,–k‹ζ,“\π
“‹“s,–k‹ζ,““c’[
“‹“s,–k‹ζ,–x‘D
“‹“s,rμ‹ζ,rμ
“‹“s,rμ‹ζ,Ό”φ‹v
“‹“s,rμ‹ζ,Ό“ϊ•ι—Ά
“‹“s,rμ‹ζ,“”φ‹v
“‹“s,rμ‹ζ,““ϊ•ι—Ά
“‹“s,rμ‹ζ,’¬‰®
“‹“s,rμ‹ζ,“μηZ
“‹“s,”Β‹΄‹ζ,‘¶’¬
“‹“s,”Β‹΄‹ζ,Τ’Λ
“‹“s,”Β‹΄‹ζ,Τ’ΛV’¬
“‹“s,”Β‹΄‹ζ,¬“¤‘ς
“‹“s,”Β‹΄‹ζ,ς’¬
“‹“s,”Β‹΄‹ζ,”Β‹΄
“‹“s,”Β‹΄‹ζ,ξ‰Χ‘δ
“‹“s,”Β‹΄‹ζ,‘ε΄’¬
“‹“s,”Β‹΄‹ζ,‘ε’Jϋ
“‹“s,”Β‹΄‹ζ,‘ε’Jϋγ’¬
“‹“s,”Β‹΄‹ζ,‘ε’Jϋ–k’¬
“‹“s,”Β‹΄‹ζ,‘εR‹ΰδ’¬
“‹“s,”Β‹΄‹ζ,‘εRΌ’¬
“‹“s,”Β‹΄‹ζ,‘εR“’¬
“‹“s,”Β‹΄‹ζ,‰Α‰κ
“‹“s,”Β‹΄‹ζ,γ”Β‹΄
“‹“s,”Β‹΄‹ζ,F–μ’¬
“‹“s,”Β‹΄‹ζ,¬–Ξ
“‹“s,”Β‹΄‹ζ,K’¬
“‹“s,”Β‹΄‹ζ,β‰Ί
“‹“s,”Β‹΄‹ζ,χμ
“‹“s,”Β‹΄‹ζ,΄…’¬
“‹“s,”Β‹΄‹ζ,u‘Ί
“‹“s,”Β‹΄‹ζ,V‰Νέ
“‹“s,”Β‹΄‹ζ,‘ε–ε
“‹“s,”Β‹΄‹ζ,‚“‡•½
“‹“s,”Β‹΄‹ζ,“V’¬
“‹“s,”Β‹΄‹ζ,ν”Υ‘δ
“‹“s,”Β‹΄‹ζ,“ΏΫ
“‹“s,”Β‹΄‹ζ,’†”Β‹΄
“‹“s,”Β‹΄‹ζ,’‡h
“‹“s,”Β‹΄‹ζ,’†‘δ
“‹“s,”Β‹΄‹ζ,’‡’¬
“‹“s,”Β‹΄‹ζ,’†Ϋ’¬
“‹“s,”Β‹΄‹ζ,¬‘
“‹“s,”Β‹΄‹ζ,Ό‘δ
“‹“s,”Β‹΄‹ζ,@ΐ’¬
“‹“s,”Β‹΄‹ζ,@
“‹“s,”Β‹΄‹ζ,“β‰Ί
“‹“s,”Β‹΄‹ζ,“R’¬
“‹“s,”Β‹΄‹ζ,•Xμ’¬
“‹“s,”Β‹΄‹ζ,•xm©’¬
“‹“s,”Β‹΄‹ζ,‘o—t’¬
“‹“s,”Β‹΄‹ζ,M“n
“‹“s,”Β‹΄‹ζ,‘O–μ’¬
“‹“s,”Β‹΄‹ζ,O‰€
“‹“s,”Β‹΄‹ζ,“μν”Υ‘δ
“‹“s,”Β‹΄‹ζ,‹{–{’¬
“‹“s,”Β‹΄‹ζ,ό΄
“‹“s,”Β‹΄‹ζ,l—t
“‹“s,”Β‹΄‹ζ,α–Ψ
“‹“s,—ϋ”n‹ζ,®‹u
“‹“s,—ϋ”n‹ζ,®’¬
“‹“s,—ϋ”n‹ζ,‘εςw‰€’¬
“‹“s,—ϋ”n‹ζ,‘ες’¬
“‹“s,—ϋ”n‹ζ,t“ϊ’¬
“‹“s,—ϋ”n‹ζ,γΞ_δ
“‹“s,—ϋ”n‹ζ,γΞ_δ“μ’¬
“‹“s,—ϋ”n‹ζ,όR
“‹“s,—ϋ”n‹ζ,¬’|’¬
“‹“s,—ϋ”n‹ζ,χ‘δ
“‹“s,—ϋ”n‹ζ,‰ΊΞ_δ
“‹“s,—ϋ”n‹ζ,Ξ_δ‘δ
“‹“s,—ϋ”n‹ζ,Ξ_δ’¬
“‹“s,—ϋ”n‹ζ,Φ’¬–k
“‹“s,—ϋ”n‹ζ,Φ’¬“
“‹“s,—ϋ”n‹ζ,Φ’¬“μ
“‹“s,—ϋ”n‹ζ,‚–μ‘δ
“‹“s,—ϋ”n‹ζ,“c•Ώ
“‹“s,—ϋ”n‹ζ,—§–μ’¬
“‹“s,—ϋ”n‹ζ,“yx“c
“‹“s,—ϋ”n‹ζ,–L‹Κγ
“‹“s,—ϋ”n‹ζ,–L‹Κ–k
“‹“s,—ϋ”n‹ζ,–L‹Κ’†
“‹“s,—ϋ”n‹ζ,–L‹Κ“μ
“‹“s,—ϋ”n‹ζ,’†‘Ί
“‹“s,—ϋ”n‹ζ,’†‘Ί–k
“‹“s,—ϋ”n‹ζ,’†‘Ί“μ
“‹“s,—ϋ”n‹ζ,Ό‘ες
“‹“s,—ϋ”n‹ζ,Ό‘ες’¬
“‹“s,—ϋ”n‹ζ,‹Ρ
“‹“s,—ϋ”n‹ζ,Ρδ
“‹“s,—ϋ”n‹ζ,—ϋ”n
“‹“s,—ϋ”n‹ζ,‰H‘ς
“‹“s,—ϋ”n‹ζ,‘‹{
“‹“s,—ϋ”n‹ζ,“‘ες
“‹“s,—ϋ”n‹ζ,υ‚‹u
“‹“s,—ϋ”n‹ζ,•Xμ‘δ
“‹“s,—ϋ”n‹ζ,•xm©‘δ
“‹“s,—ϋ”n‹ζ,•½a‘δ
“‹“s,—ϋ”n‹ζ,“μ‘ες
“‹“s,—ϋ”n‹ζ,“μ“c’†
“‹“s,—ϋ”n‹ζ,O΄‘δ
“‹“s,—ϋ”n‹ζ,’J΄
“‹“s,‘«—§‹ζ,Βδ
“‹“s,‘«—§‹ζ,‘«—§
“‹“s,‘«—§‹ζ,»£
“‹“s,‘«—§‹ζ,Ι‹»
“‹“s,‘«—§‹ζ,Ι‹»–{’¬
“‹“s,‘«—§‹ζ,“ό’J’¬
“‹“s,‘«—§‹ζ,”~“‡
“‹“s,‘«—§‹ζ,”~“c
“‹“s,‘«—§‹ζ,ξ
“‹“s,‘«—§‹ζ,‘ε’J“c
“‹“s,‘«—§‹ζ,‹»–μ
“‹“s,‘«—§‹ζ,¬‘δ
“‹“s,‘«—§‹ζ,‰Α•½
“‹“s,‘«—§‹ζ,–k‰Α•½’¬
“‹“s,‘«—§‹ζ,I΄
“‹“s,‘«—§‹ζ,O“Ή
“‹“s,‘«—§‹ζ,]–k
“‹“s,‘«—§‹ζ,Γη’J
“‹“s,‘«—§‹ζ,Γη’J–{’¬
“‹“s,‘«—§‹ζ,²–μ
“‹“s,‘«—§‹ζ,Mΐ
“‹“s,‘«—§‹ζ,­•l
“‹“s,‘«—§‹ζ,“‡
“‹“s,‘«—§‹ζ,V“c
“‹“s,‘«—§‹ζ,_–Ύ
“‹“s,‘«—§‹ζ,_–Ύ“μ
“‹“s,‘«—§‹ζ,Φ΄
“‹“s,‘«—§‹ζ,ηZ
“‹“s,‘«—§‹ζ,ηZ’¬
“‹“s,‘«—§‹ζ,ηZ®’¬
“‹“s,‘«—§‹ζ,ηZ“
“‹“s,‘«—§‹ζ,ηZ‘εμ’¬
“‹“s,‘«—§‹ζ,ηZ‰Ν΄’¬
“‹“s,‘«—§‹ζ,ηZυ’¬
“‹“s,‘«—§‹ζ,ηZχ–Ψ
“‹“s,‘«—§‹ζ,ηZΦ‰®’¬
“‹“s,‘«—§‹ζ,ηZ—΄“c’¬
“‹“s,‘«—§‹ζ,ηZ’†‹’¬
“‹“s,‘«—§‹ζ,ηZ’‡’¬
“‹“s,‘«—§‹ζ,ηZ‹΄Λ’¬
“‹“s,‘«—§‹ζ,ηZ—Ξ’¬
“‹“s,‘«—§‹ζ,ηZ‹{³’¬
“‹“s,‘«—§‹ζ,ηZ³’¬
“‹“s,‘«—§‹ζ,ηZ–φ’¬
“‹“s,‘«—§‹ζ,’|‚Μ’Λ
“‹“s,‘«—§‹ζ,’Cΐ
“‹“s,‘«—§‹ζ,’†‰›–{’¬
“‹“s,‘«—§‹ζ,’Φ
“‹“s,‘«—§‹ζ,“a
“‹“s,‘«—§‹ζ,Ιl
“‹“s,‘«—§‹ζ,Ιlφ‰€
“‹“s,‘«—§‹ζ,Ιl’¬
“‹“s,‘«—§‹ζ,’†μ
“‹“s,‘«—§‹ζ,Ό»£
“‹“s,‘«—§‹ζ,ΌVδ
“‹“s,‘«—§‹ζ,ΌVδ‰h’¬
“‹“s,‘«—§‹ζ,ΌVδ–{’¬
“‹“s,‘«—§‹ζ,ΌΙ‹»
“‹“s,‘«—§‹ζ,ΌΙ‹»’¬
“‹“s,‘«—§‹ζ,Ό‰Α•½
“‹“s,‘«—§‹ζ,Ό’|‚Μ’Λ
“‹“s,‘«—§‹ζ,Ό•Ϋ–ΨΤ
“‹“s,‘«—§‹ζ,‰Τ”¨
“‹“s,‘«—§‹ζ,“»£
“‹“s,‘«—§‹ζ,“Ι‹»
“‹“s,‘«—§‹ζ,“•Ϋ–ΨΤ
“‹“s,‘«—§‹ζ,“Z’¬
“‹“s,‘«—§‹ζ,κƒc‰Ζ
“‹“s,‘«—§‹ζ,“ϊƒmo’¬
“‹“s,‘«—§‹ζ,•Ϋ–ΨΤ
“‹“s,‘«—§‹ζ,•Ϋ’Λ’¬
“‹“s,‘«—§‹ζ,–x”V“ΰ
“‹“s,‘«—§‹ζ,“μ‰Τ”¨
“‹“s,‘«—§‹ζ,‹{ι
“‹“s,‘«—§‹ζ,Z–Ψ
“‹“s,‘«—§‹ζ,–{–Ψ
“‹“s,‘«—§‹ζ,–{–Ψ–k’¬
“‹“s,‘«—§‹ζ,–{–ΨΌ’¬
“‹“s,‘«—§‹ζ,–{–Ψ“’¬
“‹“s,‘«—§‹ζ,–{–Ψ“μ’¬
“‹“s,‘«—§‹ζ,’Jέ‰Ζ
“‹“s,‘«—§‹ζ,–φ΄
“‹“s,‘«—§‹ζ,Z
“‹“s,‘«—§‹ζ,Z’¬
“‹“s,‹ό‹ζ,ΒΛ
“‹“s,‹ό‹ζ,‰Λ
“‹“s,‹ό‹ζ,‚¨‰Τ’ƒ‰®
“‹“s,‹ό‹ζ,‹ΰ’¬
“‹“s,‹ό‹ζ,‹ΰ’¬ς…κ
“‹“s,‹ό‹ζ,™‘q
“‹“s,‹ό‹ζ,‹T—L
“‹“s,‹ό‹ζ,¬›
“‹“s,‹ό‹ζ,Δ–”
“‹“s,‹ό‹ζ,”’’Ή
“‹“s,‹ό‹ζ,V¬β
“‹“s,‹ό‹ζ,‚»
“‹“s,‹ό‹ζ,•σ’¬
“‹“s,‹ό‹ζ,—§Ξ
“‹“s,‹ό‹ζ,Ό‹T—L
“‹“s,‹ό‹ζ,ΌV¬β
“‹“s,‹ό‹ζ,Ό…³
“‹“s,‹ό‹ζ,“‹ΰ’¬
“‹“s,‹ό‹ζ,“V¬β
“‹“s,‹ό‹ζ,“—§Ξ
“‹“s,‹ό‹ζ,“–xΨ
“‹“s,‹ό‹ζ,“…³
“‹“s,‹ό‹ζ,“l‚Β–Ψ
“‹“s,‹ό‹ζ,Χ“c
“‹“s,‹ό‹ζ,–xΨ
“‹“s,‹ό‹ζ,…³
“‹“s,‹ό‹ζ,…³φ‰€
“‹“s,‹ό‹ζ,“μ…³
“‹“s,‹ό‹ζ,l‚Β–Ψ
“‹“s,]Λμ‹ζ,Ό]
“‹“s,]Λμ‹ζ,κ”V]
“‹“s,]Λμ‹ζ,κ”V]’¬
“‹“s,]Λμ‹ζ,‰Fμ“c’¬
“‹“s,]Λμ‹ζ,]Λμ
“‹“s,]Λμ‹ζ,‘ε™
“‹“s,]Λμ‹ζ,‹»‹{’¬
“‹“s,]Λμ‹ζ,γκF
“‹“s,]Λμ‹ζ,γΒθ
“‹“s,]Λμ‹ζ,–k‹Ό
“‹“s,]Λμ‹ζ,–k¬β
“‹“s,]Λμ‹ζ,–kΒθ
“‹“s,]Λμ‹ζ,¬Όμ
“‹“s,]Λμ‹ζ,­
“‹“s,]Λμ‹ζ,­’¬
“‹“s,]Λμ‹ζ,Βθ’¬
“‹“s,]Λμ‹ζ,‰ΊΒθ’¬
“‹“s,]Λμ‹ζ,΄V’¬
“‹“s,]Λμ‹ζ,’†‹Ό
“‹“s,]Λμ‹ζ,V–x
“‹“s,]Λμ‹ζ,Όκ”V]
“‹“s,]Λμ‹ζ,Ό‹Ό
“‹“s,]Λμ‹ζ,Ό¬β
“‹“s,]Λμ‹ζ,Ό¬Όμ’¬
“‹“s,]Λμ‹ζ,ΌΒθ
“‹“s,]Λμ‹ζ,“ρ”V]’¬
“‹“s,]Λμ‹ζ,t]’¬
“‹“s,]Λμ‹ζ,“‹Ό
“‹“s,]Λμ‹ζ,“¬β
“‹“s,]Λμ‹ζ,“¬Όμ
“‹“s,]Λμ‹ζ,“Βθ
“‹“s,]Λμ‹ζ,“Βθ’¬
“‹“s,]Λμ‹ζ,“Ό–{
“‹“s,]Λμ‹ζ,“]
“‹“s,]Λμ‹ζ,•½δ
“‹“s,]Λμ‹ζ,‘D–x
“‹“s,]Λμ‹ζ,–{κF
“‹“s,]Λμ‹ζ,Ό]
“‹“s,]Λμ‹ζ,Ό“‡
“‹“s,]Λμ‹ζ,Ό–{
“‹“s,]Λμ‹ζ,]
“‹“s,]Λμ‹ζ,“μ‹Ό
“‹“s,]Λμ‹ζ,“μ¬β
“‹“s,]Λμ‹ζ,“μΒθ’¬
“‹“s,]Λμ‹ζ,’J‰Ν“ΰ
“‹“s,]Λμ‹ζ,—ΥC’¬
“‹“s,”‰¤qs,‹Ε’¬
“‹“s,”‰¤qs,“’¬
“‹“s,”‰¤qs,Ά–Ϊ’¬
“‹“s,”‰¤qs,γ–μ’¬
“‹“s,”‰¤qs,‘Ε‰z’¬
“‹“s,”‰¤qs,‰F’Γ–Ψ’¬
“‹“s,”‰¤qs,‰F’ΓΡ’¬
“‹“s,”‰¤qs,”~’Ψ’¬
“‹“s,”‰¤qs,— ‚”φ’¬
“‹“s,”‰¤qs,’Η•’¬
“‹“s,”‰¤qs,‘ε‘D’¬
“‹“s,”‰¤qs,‘ε’J’¬
“‹“s,”‰¤qs,‘ε‰΅’¬
“‹“s,”‰¤qs,‘εa“c’¬
“‹“s,”‰¤qs,¬–ε’¬
“‹“s,”‰¤qs,”φθ’¬
“‹“s,”‰¤qs,¬’Γ’¬
“‹“s,”‰¤qs,­“‡
“‹“s,”‰¤qs,‰ΑZ’¬
“‹“s,”‰¤qs,•Π‘q’¬
“‹“s,”‰¤qs,’J’¬
“‹“s,”‰¤qs,γλ••ϋ’¬
“‹“s,”‰¤qs,γ‰¶•ϋ’¬
“‹“s,”‰¤qs,γμ’¬
“‹“s,”‰¤qs,γ—M–Ψ
“‹“s,”‰¤qs,μϋ’¬
“‹“s,”‰¤qs,μ’¬
“‹“s,”‰¤qs,–k–μ‘δ
“‹“s,”‰¤qs,–k–μ’¬
“‹“s,”‰¤qs,¦ƒP‹u
“‹“s,”‰¤qs,΄μ’¬
“‹“s,”‰¤qs,­“c’¬
“‹“s,”‰¤qs,‹v•ΫR’¬
“‹“s,”‰¤qs,‰z–μ
“‹“s,”‰¤qs,¬”δι’¬
“‹“s,”‰¤qs,¬‹{’¬
“‹“s,”‰¤qs,qΐ’¬
“‹“s,”‰¤qs,¶“ό’¬
“‹“s,”‰¤qs,U“c’¬
“‹“s,”‰¤qs,‰Ί‰¶•ϋ’¬
“‹“s,”‰¤qs,‰Ί—M–Ψ
“‹“s,”‰¤qs,ιRθ
“‹“s,”‰¤qs,z–K’¬
“‹“s,”‰¤qs,ηl’¬
“‹“s,”‰¤qs,‘δ’¬
“‹“s,”‰¤qs,‘εy›’¬
“‹“s,”‰¤qs,‚”φ’¬
“‹“s,”‰¤qs,‚‘q’¬
“‹“s,”‰¤qs,‚’¬
“‹“s,”‰¤qs,‘κR’¬
“‹“s,”‰¤qs,Ω’¬
“‹“s,”‰¤qs,“c’¬
“‹“s,”‰¤qs,’O–Ψ’¬
“‹“s,”‰¤qs,›“c’¬
“‹“s,”‰¤qs,›’¬
“‹“s,”‰¤qs,“ω—Ά’¬
“‹“s,”‰¤qs,Λ’¬
“‹“s,”‰¤qs,’·ΐ’¬
“‹“s,”‰¤qs,’†–μγ’¬
“‹“s,”‰¤qs,’†–μR‰¤
“‹“s,”‰¤qs,’†–μ’¬
“‹“s,”‰¤qs,’·–[’¬
“‹“s,”‰¤qs,’†R
“‹“s,”‰¤qs,µ‘
“‹“s,”‰¤qs,•ΐ–Ψ’¬
“‹“s,”‰¤qs,“θ΄’¬
“‹“s,”‰¤qs,“μ—z‘δ
“‹“s,”‰¤qs,Όσμ’¬
“‹“s,”‰¤qs,Ό•Π‘q
“‹“s,”‰¤qs,Ό›•ϋ’¬
“‹“s,”‰¤qs,“σ••ϋ’¬
“‹“s,”‰¤qs,‹·Τ’¬
“‹“s,”‰¤qs,””¦’¬
“‹“s,”‰¤qs,‰‘ς’¬
“‹“s,”‰¤qs,“σμ’¬
“‹“s,”‰¤qs,•Ί‰q
“‹“s,”‰¤qs,“ϊ‹g’¬
“‹“s,”‰¤qs,•½‰’¬
“‹“s,”‰¤qs,•Κ
“‹“s,”‰¤qs,–{‹½’¬
“‹“s,”‰¤qs,Ό–Ψ
“‹“s,”‰¤qs,ΫR’¬
“‹“s,”‰¤qs,‚έ‚Β‚Ά‘δ
“‹“s,”‰¤qs,—Ξ’¬
“‹“s,”‰¤qs,“μσμ’¬
“‹“s,”‰¤qs,“μ‘ε‘ς
“‹“s,”‰¤qs,“μV’¬
“‹“s,”‰¤qs,‚έ‚Θ‚έ–μ
“‹“s,”‰¤qs,‹{‰Ί’¬
“‹“s,”‰¤qs,”όR’¬
“‹“s,”‰¤qs,–Ύ_’¬
“‹“s,”‰¤qs,‚ί‚¶‚λ‘δ
“‹“s,”‰¤qs,³”‰¤q’¬
“‹“s,”‰¤qs,³–{‹½’¬
“‹“s,”‰¤qs,³‰΅R’¬
“‹“s,”‰¤qs,”–Ψ’¬
“‹“s,”‰¤qs,’J–μ’¬
“‹“s,”‰¤qs,R“c’¬
“‹“s,”‰¤qs,–ψ…
“‹“s,”‰¤qs,”“ϊ’¬
“‹“s,”‰¤qs,‰΅μ’¬
“‹“s,”‰¤qs,‰΅R’¬
“‹“s,”‰¤qs,l’J’¬
“‹“s,”‰¤qs,–’¬
“‹“s,—§μs,’¬
“‹“s,—§μs,”’¬
“‹“s,—§μs,γ»’¬
“‹“s,—§μs,Δθ’¬
“‹“s,—§μs,»μ’¬
“‹“s,—§μs,‚Ό’¬
“‹“s,—§μs,‹Ρ’¬
“‹“s,—§μs,Ό»’¬
“‹“s,—§μs,‰Hί’¬
“‹“s,—§μs,α—t’¬
“‹“s,•‘ –μs,‹gΛ›–k’¬
“‹“s,•‘ –μs,‹gΛ›“’¬
“‹“s,•‘ –μs,‹gΛ›–{’¬
“‹“s,•‘ –μs,‹gΛ›“μ’¬
“‹“s,•‘ –μs,‹«“μ’¬
“‹“s,•‘ –μs,δ“aR
“‹“s,•‘ –μs,‹«
“‹“s,•‘ –μs,χ’η
“‹“s,•‘ –μs,Φ‘O
“‹“s,•‘ –μs,Ό‹v•Ϋ
“‹“s,O‘ιs,δϋ
“‹“s,O‘ιs,δ‚Μ“
“‹“s,O‘ιs,‘ε‘ς
“‹“s,O‘ιs,γA
“‹“s,O‘ιs,–k–μ
“‹“s,O‘ιs,‰ΊA
“‹“s,O‘ιs,[‘ε›
“‹“s,O‘ιs,’†΄
“‹“s,O‘ιs,–μθ
“‹“s,O‘ιs,–΄—η
“‹“s,Β”~s,“VƒP£’¬
“‹“s,Β”~s,΅δ
“‹“s,Β”~s,΅›
“‹“s,Β”~s,— h’¬
“‹“s,Β”~s,‘ε–φ’¬
“‹“s,Β”~s,¬‘\–Ψ
“‹“s,Β”~s,ΐ
“‹“s,Β”~s,‰Ν•Σ’¬
“‹“s,Β”~s,γ’¬
“‹“s,Β”~s,–Ψ–μ‰Ί
“‹“s,Β”~s,•‘ς
“‹“s,Β”~s,‹ξ–Ψ’¬
“‹“s,Β”~s,‘ςδ
“‹“s,Β”~s,‰–‘D
“‹“s,Β”~s,––L’¬
“‹“s,Β”~s,Z]’¬
“‹“s,Β”~s,‘κƒmγ’¬
“‹“s,Β”~s,ηƒP£’¬
“‹“s,Β”~s,—F“c’¬
“‹“s,Β”~s,’·•£
“‹“s,Β”~s,¬–Ψ
“‹“s,Β”~s,Ό•’¬
“‹“s,Β”~s,ƒP•z
“‹“s,Β”~s,–μγ’¬
“‹“s,Β”~s,”~‹½
“‹“s,Β”~s,”¨’†
“‹“s,Β”~s,“Β”~
“‹“s,Β”~s,“ϊόa“c
“‹“s,Β”~s,γ
“‹“s,Β”~s,“΅‹΄
“‹“s,Β”~s,“ρ–“”φ
“‹“s,Β”~s,δx
“‹“s,Β”~s,δxR
“‹“s,Β”~s,δx–{’¬
“‹“s,Β”~s,X‰Ί’¬
“‹“s,Β”~s,t‰’¬
“‹“s,Β”~s,’J–μ
“‹“s,Β”~s,—M–Ψ’¬
“‹“s,Β”~s,a“c’¬
“‹“s,•{’†s,’©“ϊ’¬
“‹“s,•{’†s,‰—§’¬
“‹“s,•{’†s,–kR’¬
“‹“s,•{’†s,υ’¬
“‹“s,•{’†s,¬–φ’¬
“‹“s,•{’†s,¥­
“‹“s,•{’†s,΄…‚‹u
“‹“s,•{’†s,”’…‘δ
“‹“s,•{’†s,σΤ’¬
“‹“s,•{’†s,‘½–’¬
“‹“s,•{’†s,“Ε’¬
“‹“s,•{’†s,Ό΄’¬
“‹“s,•{’†s,Ό•{’¬
“‹“s,•{’†s,“ϊ|’¬
“‹“s,•{’†s,“ϊV’¬
“‹“s,•{’†s,°©’¬
“‹“s,•{’†s,•{’†’¬
“‹“s,•{’†s,•”~’¬
“‹“s,•{’†s,–{h’¬
“‹“s,•{’†s,‹{Ό’¬
“‹“s,•{’†s,‹{’¬
“‹“s,•{’†s,”όD’¬
“‹“s,•{’†s,•‘ ‘δ
“‹“s,•{’†s,g—t‹u
“‹“s,•{’†s,–ξθ’¬
“‹“s,Ί“‡s,‘ε_’¬
“‹“s,Ί“‡s,‹½’n’¬
“‹“s,Ί“‡s,γμ΄’¬
“‹“s,Ί“‡s,“c’†’¬
“‹“s,Ί“‡s,‹Κμ’¬
“‹“s,Ί“‡s,‚Β‚Β‚¶‚‹u
“‹“s,Ί“‡s,’†_’¬
“‹“s,Ί“‡s,”q“‡’¬
“‹“s,Ί“‡s,•“‡’¬
“‹“s,Ί“‡s,Ό΄’¬
“‹“s,Ί“‡s,”ό–x’¬
“‹“s,Ί“‡s,‹{‘ς’¬
“‹“s,Ί“‡s,•‘ –μ
“‹“s,Ί“‡s,‚ΰ‚­‚Ή‚Ά‚Μ“m
“‹“s,’²•zs,“όΤ’¬
“‹“s,’²•zs,γΞ΄
“‹“s,’²•zs,‹e–μ‘δ
“‹“s,’²•zs,‘—Μ’¬
“‹“s,’²•zs,¬“‡’¬
“‹“s,’²•zs,²{’¬
“‹“s,’²•zs,Δθ
“‹“s,’²•zs,‰ΊΞ΄
“‹“s,’²•zs,[‘ε›–k’¬
“‹“s,’²•zs,[‘ε›“’¬
“‹“s,’²•zs,[‘ε›“μ’¬
“‹“s,’²•zs,[‘ε›³’¬
“‹“s,’²•zs,εμ’¬
“‹“s,’²•zs,υ’n
“‹“s,’²•zs,’²•zƒP‹u
“‹“s,’²•zs,”ς“c‹‹
“‹“s,’²•zs,Ό‚Β‚Β‚¶ƒP‹u
“‹“s,’²•zs,Ό’¬
“‹“s,’²•zs,–μ…
“‹“s,’²•zs,“‚Β‚Β‚¶ƒP‹u
“‹“s,’²•zs,•z“c
“‹“s,’²•zs,—ΞƒP‹u
“‹“s,’²•zs,”‰_‘δ
“‹“s,’¬“cs,‘΄’¬
“‹“s,’¬“cs,‘ε‘ ’¬
“‹“s,’¬“cs,¬μ
“‹“s,’¬“cs,¬–μH’¬
“‹“s,’¬“cs,¬Rƒ–‹u
“‹“s,’¬“cs,¬R“cχ‘δ
“‹“s,’¬“cs,¬R’¬
“‹“s,’¬“cs,‹ΰδ
“‹“s,’¬“cs,‹ΰδƒ–‹u
“‹“s,’¬“cs,‹ΰδ’¬
“‹“s,’¬“cs,‹ΰX
“‹“s,’¬“cs,‹ΰX“
“‹“s,’¬“cs,γ¬R“c’¬
“‹“s,’¬“cs,–Ψ‘]Ό
“‹“s,’¬“cs,–Ψ‘]“
“‹“s,’¬“cs,–Ψ‘]’¬
“‹“s,’¬“cs,‚ƒ–β
“‹“s,’¬“cs,‰Ί¬R“c’¬
“‹“s,’¬“cs,^υ›
“‹“s,’¬“cs,^υ›’¬
“‹“s,’¬“cs,}t’¬
“‹“s,’¬“cs,’‰¶
“‹“s,’¬“cs,‹Κμw‰€
“‹“s,’¬“cs,‚Β‚­‚µ–μ
“‹“s,’¬“cs,’ίμ
“‹“s,’¬“cs,’ίΤ
“‹“s,’¬“cs,ν”Υ’¬
“‹“s,’¬“cs,¬£
“‹“s,’¬“cs,¬£‚‹u
“‹“s,’¬“cs,¬£‘δ
“‹“s,’¬“cs,Ό¬£
“‹“s,’¬“cs,έ’¬
“‹“s,’¬“cs,”\ƒ–’J
“‹“s,’¬“cs,–μ’Γ“c’¬
“‹“s,’¬“cs,΄’¬“c
“‹“s,’¬“cs,“‹Κμw‰€
“‹“s,’¬“cs,LΡ
“‹“s,’¬“cs,LΡ’¬
“‹“s,’¬“cs,“΅‚Μ‘δ
“‹“s,’¬“cs,–{’¬“c
“‹“s,’¬“cs,“μ‘ε’J
“‹“s,’¬“cs,“μ‚Β‚­‚µ–μ
“‹“s,’¬“cs,“μ¬£
“‹“s,’¬“cs,“μ’¬“c
“‹“s,’¬“cs,O—Φ’¬
“‹“s,’¬“cs,O—Φ—ΞR
“‹“s,’¬“cs,X–μ
“‹“s,’¬“cs,–ςt‘δ
“‹“s,’¬“cs,–ξ•”’¬
“‹“s,’¬“cs,Rθ
“‹“s,’¬“cs,Rθ’¬
“‹“s,¬‹ΰδs,–μ’¬
“‹“s,¬‹ΰδs,χ’¬
“‹“s,¬‹ΰδs,Φ–μ’¬
“‹“s,¬‹ΰδs,Ρδ–k’¬
“‹“s,¬‹ΰδs,Ρδ“μ’¬
“‹“s,¬‹ΰδs,‘O΄’¬
“‹“s,¬•½s,‘εΐ’¬
“‹“s,¬•½s,¬μ’¬
“‹“s,¬•½s,¬μΌ’¬
“‹“s,¬•½s,¬μ“’¬
“‹“s,¬•½s,w‰€Ό’¬
“‹“s,¬•½s,w‰€“’¬
“‹“s,¬•½s,μ•½’¬
“‹“s,¬•½s,γ…V’¬
“‹“s,¬•½s,γ…–{’¬
“‹“s,¬•½s,γ…“μ’¬
“‹“s,¬•½s,—ι–Ψ’¬
“‹“s,¬•½s,‚½‚©‚Μ‘δ
“‹“s,¬•½s,’Γ“c’¬
“‹“s,¬•½s,’†“‡’¬
“‹“s,¬•½s,‰Τ¬‹ΰδ
“‹“s,¬•½s,‰Τ¬‹ΰδ“μ’¬
“‹“s,¬•½s,”ό‰€’¬
“‹“s,¬•½s,δK’¬
“‹“s,¬•½s,‰ρ“c’¬
“‹“s,“ϊ–μs,®‚‹u
“‹“s,“ϊ–μs,Ξ“c
“‹“s,“ϊ–μs,‘εβγ
“‹“s,“ϊ–μs,—μ
“‹“s,“ϊ–μs,γ“c
“‹“s,“ϊ–μs,μ•Σ–x”V“ΰ
“‹“s,“ϊ–μs,‚³‚­‚η’¬
“‹“s,“ϊ–μs,‰Ί“c
“‹“s,“ϊ–μs,‚”¦
“‹“s,“ϊ–μs,‘½–€•½
“‹“s,“ϊ–μs,–L“c
“‹“s,“ϊ–μs,Ό•½R
“‹“s,“ϊ–μs,“–L“c
“‹“s,“ϊ–μs,“•½R
“‹“s,“ϊ–μs,“ϊ–μ
“‹“s,“ϊ–μs,“ϊ–μ‘δ
“‹“s,“ϊ–μs,“ϊ–μ–{’¬
“‹“s,“ϊ–μs,•½R
“‹“s,“ϊ–μs,•xm’¬
“‹“s,“ϊ–μs,’φ‹v•Ϋ
“‹“s,“ϊ–μs,–θ›
“‹“s,“ϊ–μs,O‘ς
“‹“s,“ϊ–μs,“μ•½
“‹“s,“ϊ–μs,‹{
“‹“s,“ϊ–μs,•S‘
“‹“s,“‘ΊRs,Β—t’¬
“‹“s,“‘ΊRs,H’Γ’¬
“‹“s,“‘ΊRs,‰¶‘½’¬
“‹“s,“‘ΊRs,‹v•Δμ’¬
“‹“s,“‘ΊRs,‘½–€Ξ’¬
“‹“s,“‘ΊRs,–μϋ’¬
“‹“s,“‘ΊRs,”‹R’¬
“‹“s,“‘ΊRs,”όZ’¬
“‹“s,“‘ΊRs,‰τ“c’¬
“‹“s,‘•›s,‚–Ψ’¬
“‹“s,‘•›s,Λ‘q
“‹“s,‘•›s,“ΰ“΅
“‹“s,‘•›s,Ό—φƒPE
“‹“s,‘•›s,Ό³’¬
“‹“s,‘•›s,“—φƒPE
“‹“s,‘•›s,“Λ‘q
“‹“s,‘•›s,“³’¬
“‹“s,‘•›s,υ’¬
“‹“s,‘•›s,•xm–{
“‹“s,‘•›s,–{‘½
“‹“s,‘—§s,Β–φ
“‹“s,‘—§s,ς
“‹“s,‘—§s,–k
“‹“s,‘—§s,’†
“‹“s,‘—§s,Ό
“‹“s,‘—§s,–ξμ
“‹“s,‘—§s,’J•Ϋ
“‹“s,•¶s,‹•l
“‹“s,•¶s,‰Α”ό•½
“‹“s,•¶s,–k“c‰€
“‹“s,•¶s,Fμ
“‹“s,•¶s,Fμ“ρ‹{
“‹“s,•¶s,•¶
“‹“s,•¶s,•¶“ρ‹{
“‹“s,•¶s,“μ“c‰€
“‹“s,•¶s,•‘ –μ‘δ
“‹“s,•¶s,‰΅“cξ’n“ΰ
“‹“s,]s,aς–{’¬
“‹“s,]s,’–•ϋ
“‹“s,]s,βΛ–k
“‹“s,]s,βΛ“μ
“‹“s,]s,‹ξδ’¬
“‹“s,]s,’†aς
“‹“s,]s,Όaς
“‹“s,]s,Ό–μμ
“‹“s,]s,“aς
“‹“s,]s,“–μμ
“‹“s,]s,³aς
“‹“s,“‘εas,πE
“‹“s,“‘εas,γ–k‘δ
“‹“s,“‘εas,΄΄
“‹“s,“‘εas,Ξ”Θ
“‹“s,“‘εas,χ‚‹u
“‹“s,“‘εas,‹·R
“‹“s,“‘εas,‘ •~
“‹“s,“‘εas,‚–Ψ
“‹“s,“‘εas,—§–μ
“‹“s,“‘εas,‘½–€Ξ
“‹“s,“‘εas,’‡΄
“‹“s,“‘εas,“ή—Η‹΄
“‹“s,“‘εas,“μX
“‹“s,΄£s,”~‰€
“‹“s,΄£s,γ΄Λ
“‹“s,΄£s,‰Ίh
“‹“s,΄£s,‰Ί΄Λ
“‹“s,΄£s,’|‹u
“‹“s,΄£s,’†΄Λ
“‹“s,΄£s,–μ‰–
“‹“s,΄£s,ΌR
“‹“s,΄£s,³’¬
“‹“s,“‹v—―•Δs,γ‚Μ΄
“‹“s,“‹v—―•Δs,w‰€’¬
“‹“s,“‹v—―•Δs,‹ΰR’¬
“‹“s,“‹v—―•Δs,‰Ί—Ά
“‹“s,“‹v—―•Δs,Vμ’¬
“‹“s,“‹v—―•Δs,_•σ’¬
“‹“s,“‹v—―•Δs,‘ε–ε’¬
“‹“s,“‹v—―•Δs,‘κR
“‹“s,“‹v—―•Δs,–μ‰Ξ~
“‹“s,“‹v—―•Δs,“–{’¬
“‹“s,“‹v—―•Δs,‚Π‚Ξ‚θ‚‹u’c’n
“‹“s,“‹v—―•Δs,‘O‘ς
“‹“s,“‹v—―•Δs,“μ‘ς
“‹“s,“‹v—―•Δs,–φE
“‹“s,•‘ ‘ΊRs,Ι“ή•½
“‹“s,•‘ ‘ΊRs,‰|
“‹“s,•‘ ‘ΊRs,‘ε“μ
“‹“s,•‘ ‘ΊRs,w‰€
“‹“s,•‘ ‘ΊRs,έ
“‹“s,•‘ ‘ΊRs,c–x
“‹“s,•‘ ‘ΊRs,’†“΅
“‹“s,•‘ ‘ΊRs,Oƒc–Ψ
“‹“s,•‘ ‘ΊRs,Oƒc“΅
“‹“s,‘½–€s,κƒm‹{
“‹“s,‘½–€s,—‡
“‹“s,‘½–€s,Lζ
“‹“s,‘½–€s,“‚–Ψ“c
“‹“s,‘½–€s,ξ“c
“‹“s,‘½–€s,χƒ–‹u
“‹“s,‘½–€s,R‰¤‰Ί
“‹“s,‘½–€s,z–K
“‹“s,‘½–€s,ΦΛ
“‹“s,‘½–€s,’ί–q
“‹“s,‘½–€s,–Lƒ–‹u
“‹“s,‘½–€s,’†‘ς
“‹“s,‘½–€s,‰iR
“‹“s,‘½–€s,“›•ϋ
“‹“s,‘½–€s,Ήƒ–‹u
“‹“s,‘½–€s,”nψ‘ς
“‹“s,‘½–€s,“μ–μ
“‹“s,‘½–€s,Aυ›
“‹“s,ξιs,‘εΫ
“‹“s,ξιs,‰—§
“‹“s,ξιs,ό—z‘δ
“‹“s,ξιs,β•l
“‹“s,ξιs,’·•τ
“‹“s,ξιs,“’·ΐ
“‹“s,ξιs,•½”φ
“‹“s,ξιs,•S‘Ί
“‹“s,ξιs,–ξ–μϋ
“‹“s,ξιs,α—t‘δ
“‹“s,‰H‘Ίs,¬μ‘δ
“‹“s,‰H‘Ίs,μθ
“‹“s,‰H‘Ίs,άƒm_
“‹“s,‰H‘Ίs,_–Ύ‘δ
“‹“s,‰H‘Ίs,‰H
“‹“s,‰H‘Ίs,‰H‰Α”ό
“‹“s,‰H‘Ίs,‰H’†
“‹“s,‰H‘Ίs,‰HΌ
“‹“s,‰H‘Ίs,‰H“
“‹“s,‰H‘Ίs,•xm©•½
“‹“s,‚ ‚«‚ι–μs,Hμ
“‹“s,‚ ‚«‚ι–μs,H—―
“‹“s,‚ ‚«‚ι–μs,–Τ‘γ
“‹“s,‚ ‚«‚ι–μs,–ϋ•½
“‹“s,‚ ‚«‚ι–μs,‰JΤ
“‹“s,‚ ‚«‚ι–μs,ά“ϊs
“‹“s,‚ ‚«‚ι–μs,Ι“ή
“‹“s,‚ ‚«‚ι–μs,“ό–μ
“‹“s,‚ ‚«‚ι–μs,γƒm‘δ
“‹“s,‚ ‚«‚ι–μs,‹ΐ
“‹“s,‚ ‚«‚ι–μs,¬μ“
“‹“s,‚ ‚«‚ι–μs,‰³’Γ
“‹“s,‚ ‚«‚ι–μs,γ‘γp
“‹“s,‚ ‚«‚ι–μs,Ψ‡
“‹“s,‚ ‚«‚ι–μs,‘‰Τ
“‹“s,‚ ‚«‚ι–μs,¬’†–μ
“‹“s,‚ ‚«‚ι–μs,¬•τ‘δ
“‹“s,‚ ‚«‚ι–μs,¬a“c
“‹“s,‚ ‚«‚ι–μs,O“ΰ
“‹“s,‚ ‚«‚ι–μs,‰Ί‘γp
“‹“s,‚ ‚«‚ι–μs,›¶
“‹“s,‚ ‚«‚ι–μs,£Λ‰
“‹“s,‚ ‚«‚ι–μs,‚”φ
“‹“s,‚ ‚«‚ι–μs,Ϊ’J
“‹“s,‚ ‚«‚ι–μs,Ϊ’J‘δ
“‹“s,‚ ‚«‚ι–μs,—―΄
“‹“s,‚ ‚«‚ι–μs,“ρ‹{
“‹“s,‚ ‚«‚ι–μs,“ρ‹{“
“‹“s,‚ ‚«‚ι–μs,–μ•Σ
“‹“s,‚ ‚«‚ι–μs,΄¬‹{
“‹“s,‚ ‚«‚ι–μs,ψ“c
“‹“s,‚ ‚«‚ι–μs,•½‘ς
“‹“s,‚ ‚«‚ι–μs,•½‘ςΌ
“‹“s,‚ ‚«‚ι–μs,•½‘ς“
“‹“s,‚ ‚«‚ι–μs,Ίγ
“‹“s,‚ ‚«‚ι–μs,R“c
“‹“s,‚ ‚«‚ι–μs,—{‘ς
“‹“s,‚ ‚«‚ι–μs,‰΅‘ς
“‹“s,Ό“‹s,–k΄’¬
“‹“s,Ό“‹s,Ε‹v•Ϋ’¬
“‹“s,Ό“‹s,‰Ί•Ϋ’J
“‹“s,Ό“‹s,“c–³’¬
“‹“s,Ό“‹s,“•©
“‹“s,Ό“‹s,‚Π‚Ξ‚θ‚‹u
“‹“s,Ό“‹s,‚Π‚Ξ‚θ‚‹u–k
“‹“s,Ό“‹s,•Ϋ’J’¬
“‹“s,Ό“‹s,ό‘δ’¬
“‹“s,Ό“‹s,–φ‘ς
“‹“s,Ό“‹s,’JΛ’¬
“‹“s,Ό‘½–€S•δ’¬,Ξ”¨
“‹“s,Ό‘½–€S•δ’¬,‹ξ`•xmR
“‹“s,Ό‘½–€S•δ’¬,‚
“‹“s,Ό‘½–€S•δ’¬,“aƒP’J
“‹“s,Ό‘½–€S•δ’¬,’·‰
“‹“s,Ό‘½–€S•δ’¬,’·‰‰Ίt‰
“‹“s,Ό‘½–€S•δ’¬,’·‰’·’J•”
“‹“s,Ό‘½–€S•δ’¬,’·‰“΅‹΄
“‹“s,Ό‘½–€S•δ’¬,“ρ–{–Ψ
“‹“s,Ό‘½–€S•δ’¬,” ƒPθ
“‹“s,Ό‘½–€S•δ’¬,” ƒPθΌΌ΄
“‹“s,Ό‘½–€S•δ’¬,” ƒPθ“Ό΄
“‹“s,Ό‘½–€S•δ’¬,•xmRI΄V“c
“‹“s,Ό‘½–€S•δ’¬,•‘ 
“‹“s,Ό‘½–€S•δ’¬,‚ή‚³‚µ–μ
“‹“s,Ό‘½–€S“ϊ‚Μo’¬,‘ε‹v–μ
“‹“s,Ό‘½–€Sw΄‘Ί,¬‘ς
“‹“s,Ό‘½–€Sw΄‘Ί,””n
“‹“s,Ό‘½–€Sw΄‘Ί,_Λ
“‹“s,Ό‘½–€Sw΄‘Ί,γ³‹½
“‹“s,Ό‘½–€Sw΄‘Ί,‘q|
“‹“s,Ό‘½–€Sw΄‘Ί,‰Ί³‹½
“‹“s,Ό‘½–€Sw΄‘Ί,“μ‹½
“‹“s,Ό‘½–€Sw΄‘Ί,”σ—Ά
“‹“s,Ό‘½–€Sw΄‘Ί,“΅΄
“‹“s,Ό‘½–€Sw΄‘Ί,l—Ά
“‹“s,Ό‘½–€Sw΄‘Ί,O“s‹½
“‹“s,Ό‘½–€Sw΄‘Ί,–{h
“‹“s,Ό‘½–€S‰‘½–€’¬,C‘ς
“‹“s,Ό‘½–€S‰‘½–€’¬,”~‘ς
“‹“s,Ό‘½–€S‰‘½–€’¬,‘ε’O”g
“‹“s,Ό‘½–€S‰‘½–€’¬,μδ
“‹“s,Ό‘½–€S‰‘½–€’¬,μ–μ
“‹“s,Ό‘½–€S‰‘½–€’¬,‰Ν“ΰ
“‹“s,Ό‘½–€S‰‘½–€’¬,¬’O”g
“‹“s,Ό‘½–€S‰‘½–€’¬,”’Ϋ
“‹“s,Ό‘½–€S‰‘½–€’¬,’I‘ς
“‹“s,Ό‘½–€S‰‘½–€’¬,’OOY
“‹“s,Ό‘½–€S‰‘½–€’¬,—―‰Y
“‹“s,Ό‘½–€S‰‘½–€’¬,“ϊ΄
“‹“s,Ό‘½–€S‰‘½–€’¬,΄
“‹“s,Ό‘½–€S‰‘½–€’¬,•Xμ
“‹“s,‘ε“‡’¬,‰“c
“‹“s,‘ε“‡’¬,·–Ψ’n
“‹“s,‘ε“‡’¬,ς’Γ
“‹“s,‘ε“‡’¬,–μ‘
“‹“s,‘ε“‡’¬,”g•‚`
“‹“s,V“‡‘Ί,®“‡
“‹“s,V“‡‘Ί,–{‘Ί
“‹“s,V“‡‘Ί,α‹½
“‹“s,O‘ξ“‡O‘ξ‘Ί,ΆΓ
“‹“s,O‘ξ“‡O‘ξ‘Ί,ΙƒP’J
“‹“s,O‘ξ“‡O‘ξ‘Ί,Ι“¤
“‹“s,O‘ξ“‡O‘ξ‘Ί,—YR
“‹“s,O‘ξ“‡O‘ξ‘Ί,_’…
“‹“s,O‘ξ“‡O‘ξ‘Ί,’Ψ“c
“‹“s,”δ“‡”δ’¬,‘ε‰κ‹½
“‹“s,”δ“‡”δ’¬,~—§
“‹“s,”δ“‡”δ’¬,––‹g
“‹“s,”δ“‡”δ’¬,’†”V‹½
“‹“s,”δ“‡”δ’¬,O
“‹“s,¬}΄‘Ί,•ƒ“‡
“‹“s,¬}΄‘Ί,•κ“‡
